exp,time,estimate,actual,inaccuracy
1,2,181.445098,200,9.277451
1,3,179.3308271,200,10.33458645
1,4,202.2091346,200,1.1045673
1,5,178.5962567,200,10.70187165
1,6,189.6648148,200,5.1675926
2,2,166.1402778,160,3.837673625
2,3,145.5592949,128,13.71819914
2,4,124.6754386,102,22.23082216
2,5,90.65878645,82,10.55949567
2,6,73.16633819,66,10.85808817
3,2,12.75,18,29.16666667
3,3,66.5,32,107.8125
3,4,49.62091503,58,14.44669822
3,5,212.75,104,104.5673077
3,6,87.16836735,188,53.63384715
